Sensor Noise Accelerometer,Sensor Noise Gyroscope,Sensor Noise Magnetometer,Sensor Noise Pressure,Rotor Orientation,Gravity_x,Gravity_y,Gravity_z,Magnetic Field_x,Magnetic Field_y,Magnetic Field_z,Wind_x,Wind_y,Wind_z,Wind Deviation_x,Wind Deviation_y,Wind Deviation_z,Number of Iterations,Battery Consumption,Number of Ground Contacts,Number of Engine Failures,Number of Mission Failures
0.074,0.012,0.002,0.152,+,0.0,0.0,9.80665,0.319,0.463,0.644,1.2,1.2,8.1,2.7,0.4,6.5,883,0.18380854000000013,1,0,0
0.044,0.05,0.001,0.726,+,0.0,0.0,9.80665,0.18,0.421,0.198,16.7,11.5,14.0,2.8,1.7,2.7,155,0.25168195000000015,56,0,0
0.094,0.026,0.0,0.311,+,0.0,0.0,9.80665,0.313,0.361,0.356,19.1,16.2,13.1,7.6,1.3,7.7,875,0.40648106000000017,62,0,0
0.078,0.09,0.009,0.575,+,0.0,0.0,9.80665,0.016,0.638,0.083,1.2,6.0,15.5,3.9,7.1,6.0,855,0.18100473000000017,1,0,0
0.084,0.072,0.008,0.34,+,0.0,0.0,9.80665,0.187,0.069,0.529,17.8,11.7,15.6,6.5,6.0,3.8,795,0.18380854000000013,2,0,0
0.099,0.065,0.008,0.181,x,0.0,0.0,9.80665,0.063,0.223,0.201,14.9,15.3,16.7,8.3,5.8,8.3,837,0.40403613000000016,59,0,0
0.057,0.088,0.008,0.425,+,0.0,0.0,9.80665,0.613,0.156,0.366,9.1,14.1,11.7,1.7,1.2,9.0,748,0.15879280000000018,1,0,0
0.094,0.028,0.006,0.344,x,0.0,0.0,9.80665,0.399,0.194,0.625,5.0,14.4,10.2,2.0,9.8,6.5,892,0.18523255000000016,1,0,0
0.063,0.017,0.003,0.583,x,0.0,0.0,9.80665,0.316,0.377,0.282,7.0,19.5,13.7,1.2,2.5,4.8,884,0.3800209000000001,53,0,0
0.064,0.076,0.009,0.573,x,0.0,0.0,9.80665,0.586,0.172,0.62,11.4,14.2,0.3,8.1,3.9,9.9,888,0.18670425000000013,1,0,0
0.087,0.026,0.01,0.23,+,0.0,0.0,9.80665,0.597,0.221,0.035,12.5,8.6,9.9,0.4,9.2,1.1,840,0.17898080000000016,1,0,0
0.088,0.024,0.008,0.409,+,0.0,0.0,9.80665,0.628,0.578,0.28,16.6,2.0,0.9,7.8,0.5,4.3,886,0.18902260000000015,1,0,0
0.047,0.088,0.005,0.531,+,0.0,0.0,9.80665,0.628,0.422,0.496,9.0,9.9,6.1,1.4,8.0,4.7,861,0.1843530000000001,1,0,0
0.011,0.022,0.001,0.872,x,0.0,0.0,9.80665,0.312,0.303,0.562,16.8,17.9,10.5,9.5,3.8,4.7,819,0.40741000000000005,62,0,0
0.087,0.018,0.008,0.036,x,0.0,0.0,9.80665,0.058,0.271,0.475,9.7,19.0,1.2,3.9,2.9,6.4,806,0.38760135000000007,56,0,0
0.036,0.055,0.008,0.789,x,0.0,0.0,9.80665,0.516,0.345,0.418,3.0,8.2,18.9,8.0,6.9,2.1,839,0.18983623000000016,1,0,0
0.084,0.007,0.001,0.302,x,0.0,0.0,9.80665,0.426,0.273,0.63,5.5,0.8,19.0,8.9,3.3,5.8,806,0.18347564000000016,1,0,0
0.058,0.042,0.005,0.681,+,0.0,0.0,9.80665,0.642,0.578,0.449,17.8,14.5,8.4,2.0,3.1,7.1,834,0.3594619000000001,45,0,0
0.079,0.011,0.007,0.333,x,0.0,0.0,9.80665,0.395,0.159,0.647,11.3,10.8,10.4,5.9,6.9,1.6,834,0.18962900000000016,1,0,0
0.019,0.045,0.003,0.36,+,0.0,0.0,9.80665,0.138,0.498,0.54,13.5,15.9,11.5,5.3,8.6,1.9,816,0.1944026000000001,1,0,0
0.083,0.074,0.003,0.378,x,0.0,0.0,9.80665,0.354,0.587,0.327,8.4,19.9,17.2,1.4,9.4,9.1,869,0.38831440000000017,58,0,0
0.03,0.011,0.002,0.761,+,0.0,0.0,9.80665,0.44,0.318,0.523,13.1,8.3,1.7,4.5,5.0,2.4,891,0.1879280000000001,1,0,0
0.034,0.064,0.007,0.151,x,0.0,0.0,9.80665,0.439,0.508,0.143,6.9,3.7,17.4,5.9,6.9,3.9,826,0.18681910000000013,1,0,0
0.049,0.022,0.009,0.41,+,0.0,0.0,9.80665,0.183,0.341,0.241,12.6,10.9,0.4,5.1,4.6,2.1,803,0.18535570000000023,1,0,0
0.041,0.02,0.009,0.08,+,0.0,0.0,9.80665,0.517,0.532,0.418,13.3,15.1,7.3,1.2,2.4,9.7,846,0.2980227000000002,27,0,0
0.059,0.01,0.009,0.894,+,0.0,0.0,9.80665,0.43,0.542,0.277,16.9,19.2,1.9,6.7,8.7,4.2,823,0.4109516000000001,61,0,0
0.075,0.02,0.001,0.721,+,0.0,0.0,9.80665,0.426,0.111,0.131,6.7,10.3,5.9,7.5,2.4,0.7,831,0.1917774000000002,1,0,0
0.096,0.008,0.009,0.027,x,0.0,0.0,9.80665,0.351,0.453,0.606,8.0,11.6,1.4,3.4,8.7,1.1,815,0.1855230000000001,1,0,0
0.021,0.027,0.002,0.273,x,0.0,0.0,9.80665,0.217,0.334,0.358,11.4,19.6,10.5,0.6,3.6,5.7,831,0.40187220000000023,59,0,0
0.028,0.083,0.003,0.501,+,0.0,0.0,9.80665,0.176,0.166,0.039,14.8,10.1,10.0,4.4,6.3,9.3,847,0.1811608400000001,1,0,0
0.075,0.027,0.007,0.158,+,0.0,0.0,9.80665,0.119,0.352,0.546,17.3,14.6,17.4,2.5,3.3,4.9,839,0.39310010000000006,60,0,0
0.072,0.045,0.002,0.235,x,0.0,0.0,9.80665,0.341,0.004,0.45,14.7,2.9,1.3,8.3,9.8,4.8,896,0.18898440000000016,1,0,0
0.071,0.048,0.006,0.409,x,0.0,0.0,9.80665,0.004,0.65,0.161,14.3,8.0,6.2,7.0,2.9,8.3,891,0.18920680000000012,1,0,0
0.029,0.007,0.002,0.362,x,0.0,0.0,9.80665,0.333,0.146,0.015,4.6,3.3,5.6,3.4,8.5,3.9,870,0.18002640000000014,1,0,0
0.025,0.047,0.01,0.233,+,0.0,0.0,9.80665,0.273,0.453,0.158,14.7,7.8,14.9,8.7,8.2,8.2,891,0.18973735000000014,1,0,0
0.094,0.029,0.005,0.886,x,0.0,0.0,9.80665,0.407,0.513,0.018,14.0,9.2,16.5,3.3,7.4,0.4,878,0.20809080000000013,1,0,0
0.065,0.031,0.008,0.035,x,0.0,0.0,9.80665,0.032,0.619,0.466,6.8,3.2,11.2,8.9,3.4,7.9,881,0.1837080000000001,1,0,0
0.017,0.046,0.005,0.768,x,0.0,0.0,9.80665,0.215,0.326,0.51,7.4,1.5,1.5,1.2,3.8,6.3,870,0.18333474000000016,1,0,0
0.073,0.035,0.002,0.341,+,0.0,0.0,9.80665,0.309,0.399,0.551,19.9,0.3,19.6,9.9,4.5,7.0,724,0.3466965000000001,52,0,0
0.083,0.066,0.009,0.445,x,0.0,0.0,9.80665,0.485,0.347,0.357,9.8,15.5,10.4,8.8,3.3,8.2,816,0.20075145000000016,1,0,0
0.035,0.025,0.003,0.847,x,0.0,0.0,9.80665,0.042,0.363,0.63,1.9,13.0,19.8,2.2,5.7,5.2,855,0.19265386000000018,1,0,0
0.023,0.037,0.009,0.33,x,0.0,0.0,9.80665,0.411,0.33,0.477,3.9,7.8,18.5,2.5,1.2,0.5,807,0.17954480000000006,1,0,0
0.026,0.075,0.003,0.344,+,0.0,0.0,9.80665,0.266,0.452,0.141,4.3,13.1,0.2,8.2,0.9,1.1,831,0.18939665000000017,1,0,0
0.042,0.084,0.007,0.57,x,0.0,0.0,9.80665,0.474,0.277,0.328,9.7,6.1,13.7,7.3,3.5,4.6,817,0.1848797000000002,1,0,0
0.068,0.006,0.002,0.862,+,0.0,0.0,9.80665,0.282,0.136,0.459,11.2,6.5,6.3,1.1,7.4,7.7,826,0.18637004000000013,1,0,0
0.082,0.075,0.009,0.754,+,0.0,0.0,9.80665,0.315,0.385,0.314,18.2,0.5,1.8,4.6,9.2,0.2,819,0.23165870000000022,8,0,0
0.022,0.016,0.001,0.452,+,0.0,0.0,9.80665,0.178,0.43,0.192,16.4,17.3,12.5,3.4,5.2,6.1,812,0.4080411500000001,61,0,0
0.039,0.075,0.009,0.238,x,0.0,0.0,9.80665,0.108,0.085,0.647,11.1,10.7,3.4,4.8,8.1,5.9,813,0.18543544000000012,1,0,0
0.041,0.083,0.003,0.799,+,0.0,0.0,9.80665,0.582,0.037,0.422,11.6,18.6,9.0,9.5,2.4,5.0,800,0.3606253600000001,47,0,0
0.014,0.027,0.005,0.106,+,0.0,0.0,9.80665,0.175,0.306,0.492,0.1,12.2,8.4,1.6,1.3,7.0,835,0.19358330000000024,1,0,0
0.02,0.039,0.003,0.529,+,0.0,0.0,9.80665,0.602,0.575,0.203,11.0,5.4,8.5,9.0,9.2,9.7,814,0.18596515000000013,1,0,0
0.029,0.03,0.005,0.119,+,0.0,0.0,9.80665,0.547,0.025,0.051,6.0,19.7,19.5,1.2,5.6,1.4,836,0.38855760000000006,55,0,0
0.051,0.084,0.004,0.861,+,0.0,0.0,9.80665,0.22,0.645,0.315,9.7,9.4,17.0,6.7,4.0,5.0,826,0.18876764000000013,1,0,0
0.023,0.071,0.009,0.681,+,0.0,0.0,9.80665,0.251,0.378,0.163,12.5,4.2,3.7,0.3,5.5,7.0,805,0.18214790000000014,1,0,0
0.092,0.006,0.004,0.259,+,0.0,0.0,9.80665,0.159,0.241,0.282,13.4,8.7,15.8,5.4,3.2,7.9,848,0.21479950000000014,2,0,0
0.061,0.075,0.009,0.051,x,0.0,0.0,9.80665,0.426,0.55,0.393,4.6,4.9,13.0,9.6,5.9,9.4,791,0.18173346000000012,1,0,0
0.076,0.074,0.007,0.64,x,0.0,0.0,9.80665,0.09,0.548,0.088,18.8,14.1,12.2,0.9,9.1,5.1,783,0.39546910000000013,59,0,0
0.055,0.024,0.001,0.139,+,0.0,0.0,9.80665,0.338,0.09,0.443,1.7,16.7,17.8,5.9,1.8,7.4,839,0.19343200000000005,1,0,0
0.061,0.006,0.005,0.29,x,0.0,0.0,9.80665,0.163,0.314,0.187,8.7,7.6,11.7,7.0,3.8,7.5,810,0.18481900000000007,1,0,0
0.013,0.064,0.006,0.321,+,0.0,0.0,9.80665,0.563,0.498,0.423,17.3,9.3,7.3,7.2,2.8,6.8,799,0.3442599000000002,43,0,0
0.063,0.047,0.008,0.635,x,0.0,0.0,9.80665,0.163,0.204,0.617,17.3,5.0,15.8,3.6,3.8,2.3,790,0.30315000000000014,31,0,0
0.069,0.024,0.004,0.597,+,0.0,0.0,9.80665,0.078,0.106,0.182,13.2,19.1,10.6,1.7,7.8,9.8,813,0.40005025000000016,61,0,0
0.012,0.025,0.003,0.18,x,0.0,0.0,9.80665,0.311,0.277,0.198,19.4,2.7,15.7,5.7,0.0,2.8,808,0.3850498000000002,54,0,0
0.049,0.083,0.003,0.371,x,0.0,0.0,9.80665,0.421,0.01,0.213,12.3,15.3,18.1,2.6,7.6,4.7,785,0.35070500000000004,47,0,0
0.065,0.055,0.009,0.446,x,0.0,0.0,9.80665,0.271,0.529,0.559,5.9,8.2,3.6,7.9,9.6,3.9,804,0.18224150000000017,1,0,0
0.088,0.088,0.006,0.422,x,0.0,0.0,9.80665,0.014,0.436,0.016,18.9,1.8,6.8,8.1,5.2,3.9,787,0.22340855000000015,10,0,0
0.072,0.015,0.008,0.507,+,0.0,0.0,9.80665,0.209,0.091,0.037,1.0,10.8,6.6,5.9,9.9,4.4,845,0.19037333000000012,1,0,0
0.017,0.089,0.006,0.804,+,0.0,0.0,9.80665,0.186,0.39,0.34,0.8,14.1,0.2,1.5,8.9,8.6,842,0.1898691400000001,1,0,0
0.045,0.065,0.005,0.473,+,0.0,0.0,9.80665,0.283,0.174,0.628,11.3,12.5,16.8,7.9,1.6,5.8,816,0.18864760000000014,1,0,0
0.099,0.079,0.003,0.573,+,0.0,0.0,9.80665,0.302,0.342,0.437,4.6,10.2,8.9,5.8,8.1,9.2,785,0.17890709999999999,1,0,0
0.082,0.067,0.002,0.537,x,0.0,0.0,9.80665,0.402,0.263,0.483,4.3,0.1,6.3,0.6,2.2,0.0,797,0.1807633300000001,1,0,0
0.036,0.004,0.004,0.745,x,0.0,0.0,9.80665,0.623,0.025,0.179,15.4,0.9,4.8,9.5,2.5,8.6,798,0.1812193000000002,1,0,0
0.015,0.009,0.004,0.082,x,0.0,0.0,9.80665,0.21523,0.0,0.42741,13.1,15.5,8.6,5.5,9.3,2.8,835,0.38416985000000015,53,0,0
0.028,0.011,0.006,0.253,+,0.0,0.0,9.80665,0.028,0.06,0.477,8.0,16.0,14.2,6.0,6.7,7.4,854,0.20952657000000008,1,0,0
0.031,0.06,0.003,0.484,x,0.0,0.0,9.80665,0.21523,0.0,0.42741,9.1,6.4,3.4,2.2,7.3,3.8,801,0.18288395000000013,1,0,0
0.064,0.02,0.0,0.893,x,0.0,0.0,9.80665,0.045,0.474,0.472,1.5,5.8,19.7,2.1,4.6,3.5,824,0.18735100000000005,1,0,0
0.026,0.044,0.005,0.804,+,0.0,0.0,9.80665,0.37,0.432,0.16,15.8,17.0,17.5,8.7,5.8,9.0,821,0.4118610300000001,62,0,0
0.048,0.09,0.009,0.224,x,0.0,0.0,9.80665,0.365,0.056,0.348,1.3,19.6,13.4,7.4,8.3,6.6,799,0.37845470000000014,53,0,0
0.051,0.013,0.009,0.835,+,0.0,0.0,9.80665,0.208,0.431,0.543,15.2,10.6,1.4,1.5,6.6,6.4,821,0.2488838000000001,11,0,0
0.035,0.032,0.004,0.824,+,0.0,0.0,9.80665,0.21523,0.0,0.42741,1.5,12.9,18.4,9.9,6.6,7.8,839,0.18673720000000016,1,0,0
0.028,0.058,0.006,0.489,x,0.0,0.0,9.80665,0.21523,0.0,0.42741,4.0,0.1,19.9,8.9,0.5,1.5,791,0.17973420000000007,1,0,0
0.053,0.053,0.005,0.372,+,0.0,0.0,9.80665,0.327,0.324,0.533,14.0,8.2,8.6,1.7,8.9,6.0,827,0.18666830000000012,1,0,0
0.099,0.071,0.009,0.807,+,0.0,0.0,9.80665,0.381,0.28,0.121,16.2,7.0,7.5,9.3,8.1,1.8,814,0.18691924000000015,1,0,0
0.025,0.02,0.005,0.356,x,0.0,0.0,9.80665,0.463,0.255,0.405,13.8,1.3,5.5,2.8,1.6,0.8,825,0.18694490000000008,1,0,0
0.042,0.055,0.005,0.854,+,0.0,0.0,9.80665,0.548,0.575,0.006,2.7,2.1,14.4,4.8,8.8,7.4,832,0.18938450000000007,1,0,0
0.048,0.068,0.001,0.066,x,0.0,0.0,9.80665,0.285,0.161,0.028,4.1,12.8,18.4,4.4,4.2,6.9,827,0.18792190000000009,1,0,0
0.04,0.087,0.003,0.288,x,0.0,0.0,9.80665,0.488,0.406,0.594,4.6,1.8,8.4,0.7,9.4,6.8,824,0.1863180000000001,1,0,0
0.035,0.049,0.006,0.848,+,0.0,0.0,9.80665,0.416,0.587,0.348,13.2,12.8,3.7,3.5,7.5,0.1,812,0.18765490000000018,1,0,0
0.014,0.052,0.005,0.855,x,0.0,0.0,9.80665,0.464,0.548,0.059,14.8,19.5,2.2,5.8,2.8,7.5,819,0.4100066000000001,61,0,0
0.037,0.065,0.008,0.442,x,0.0,0.0,9.80665,0.454,0.422,0.031,16.4,19.5,12.8,6.2,0.2,9.6,806,0.40732893000000014,61,0,0
0.05,0.004,0.001,0.897,+,0.0,0.0,9.80665,0.58,0.299,0.344,5.4,8.1,13.7,2.8,6.2,4.5,818,0.18918946000000014,1,0,0
0.013,0.063,0.008,0.377,x,0.0,0.0,9.80665,0.519,0.404,0.525,1.3,8.3,1.3,2.6,8.8,6.3,830,0.18715380000000015,1,0,0
0.054,0.064,0.008,0.659,x,0.0,0.0,9.80665,0.643,0.509,0.143,10.7,5.3,8.1,6.4,7.5,6.2,800,0.18134114000000012,1,0,0
0.018,0.069,0.007,0.635,x,0.0,0.0,9.80665,0.138,0.117,0.569,14.8,2.5,7.5,8.1,3.8,7.8,805,0.18682520000000014,1,0,0
0.093,0.076,0.0,0.204,+,0.0,0.0,9.80665,0.101,0.433,0.454,1.1,1.9,2.5,3.5,7.0,2.7,819,0.18827173000000008,1,0,0
0.079,0.081,0.007,0.851,+,0.0,0.0,9.80665,0.397,0.029,0.277,14.8,15.7,19.9,1.4,5.3,6.7,62,0.25027790000000005,61,0,0
0.013,0.038,0.007,0.396,+,0.0,0.0,9.80665,0.124,0.196,0.449,4.5,5.5,2.0,7.4,6.3,1.3,817,0.18584990000000012,1,0,0
0.046,0.053,0.0,0.045,x,0.0,0.0,9.80665,0.194,0.433,0.261,5.2,9.4,3.9,1.8,3.9,5.5,828,0.1886935500000001,1,0,0
0.04,0.039,0.004,0.073,x,0.0,0.0,9.80665,0.463,0.269,0.186,9.4,5.0,10.6,4.7,4.2,5.0,792,0.17978230000000006,1,0,0
0.063,0.068,0.003,0.384,+,0.0,0.0,9.80665,0.504,0.245,0.526,11.0,8.8,16.6,6.1,3.2,5.9,802,0.1821218400000001,1,0,0
0.077,0.081,0.0,0.123,+,0.0,0.0,9.80665,0.357,0.301,0.321,3.3,7.7,16.2,0.8,3.0,5.9,820,0.1816407000000001,1,0,0
0.013,0.004,0.01,0.677,+,0.0,0.0,9.80665,0.065,0.395,0.595,3.3,18.7,0.5,4.7,2.9,7.9,837,0.38289450000000014,53,0,0
0.031,0.005,0.004,0.692,+,0.0,0.0,9.80665,0.21523,0.0,0.42741,16.1,7.3,9.9,2.8,1.4,9.6,814,0.2018057000000002,1,0,0
0.034,0.022,0.008,0.514,+,0.0,0.0,9.80665,0.545,0.21,0.273,10.4,1.5,3.2,6.3,8.2,5.7,815,0.18546274000000007,1,0,0
0.064,0.031,0.005,0.218,+,0.0,0.0,9.80665,0.62,0.128,0.323,10.0,12.7,2.1,3.6,4.4,3.6,815,0.1845546,1,0,0
0.041,0.059,0.002,0.249,+,0.0,0.0,9.80665,0.189,0.154,0.187,10.7,18.4,7.8,4.4,9.6,4.0,840,0.39308500000000013,55,0,0
0.089,0.072,0.002,0.703,x,0.0,0.0,9.80665,0.23,0.577,0.084,3.4,10.9,8.2,6.4,0.3,0.8,836,0.18934897000000017,1,0,0
0.07,0.084,0.003,0.114,x,0.0,0.0,9.80665,0.293,0.259,0.471,18.0,13.6,0.1,0.2,5.1,8.9,817,0.39684240000000015,57,0,0
0.1,0.072,0.009,0.084,+,0.0,0.0,9.80665,0.511,0.41,0.548,13.3,13.1,18.0,5.8,6.5,8.4,804,0.19941285000000009,1,0,0
0.066,0.059,0.006,0.736,x,0.0,0.0,9.80665,0.059,0.013,0.447,19.4,1.8,6.3,6.9,2.7,5.6,798,0.3652238000000002,49,0,0
0.025,0.023,0.001,0.724,+,0.0,0.0,9.80665,0.103,0.165,0.575,15.6,10.3,5.8,4.6,7.7,3.8,808,0.1989685000000001,1,0,0
0.069,0.09,0.005,0.669,+,0.0,0.0,9.80665,0.455,0.211,0.506,11.0,1.9,1.8,1.4,9.9,5.0,827,0.1867181400000001,1,0,0
0.069,0.012,0.007,0.354,+,0.0,0.0,9.80665,0.21523,0.0,0.42741,19.0,12.0,3.2,7.3,1.5,6.1,812,0.40299360000000006,59,0,0
0.053,0.052,0.007,0.351,x,0.0,0.0,9.80665,0.505,0.328,0.125,13.0,12.5,10.8,7.9,9.4,0.1,796,0.18502190000000018,1,0,0
0.03,0.064,0.007,0.538,x,0.0,0.0,9.80665,0.411,0.542,0.093,18.6,4.7,15.1,3.7,3.7,7.1,811,0.3740808000000001,51,0,0
0.022,0.041,0.001,0.559,x,0.0,0.0,9.80665,0.24,0.282,0.554,10.5,17.9,9.3,2.1,2.8,4.7,857,0.3925474000000001,54,0,0
0.093,0.045,0.008,0.6,x,0.0,0.0,9.80665,0.372,0.629,0.411,0.5,19.0,9.3,0.2,0.4,5.9,821,0.2569939000000001,17,0,0
0.072,0.083,0.001,0.664,+,0.0,0.0,9.80665,0.261,0.626,0.616,14.9,16.2,12.5,3.4,1.3,1.4,830,0.4006844500000001,57,0,0
0.044,0.081,0.007,0.601,+,0.0,0.0,9.80665,0.555,0.365,0.46,19.5,3.8,19.8,8.7,9.5,7.5,62,0.011018400000000206,0,0,0
0.099,0.025,0.001,0.591,x,0.0,0.0,9.80665,0.01,0.621,0.22,17.4,3.0,4.6,0.2,4.3,4.5,891,0.22477105000000008,7,0,0
0.014,0.036,0.0,0.326,+,0.0,0.0,9.80665,0.644,0.269,0.282,4.3,5.6,5.2,2.4,8.8,0.9,836,0.18667260000000008,1,0,0
0.091,0.017,0.001,0.165,+,0.0,0.0,9.80665,0.258,0.644,0.342,11.6,1.9,18.2,7.0,7.4,2.4,803,0.18260690000000013,1,0,0
0.059,0.007,0.002,0.831,x,0.0,0.0,9.80665,0.553,0.104,0.052,19.0,12.3,8.5,4.9,0.4,0.8,802,0.39890760000000003,58,0,0
0.01,0.034,0.001,0.38,+,0.0,0.0,9.80665,0.465,0.174,0.319,11.1,7.7,2.0,5.4,7.1,0.4,831,0.19269374000000017,1,0,0
0.044,0.038,0.003,0.226,+,0.0,0.0,9.80665,0.427,0.418,0.597,8.6,15.4,3.1,4.9,8.8,8.7,822,0.18734930000000016,1,0,0
0.041,0.08,0.01,0.453,+,0.0,0.0,9.80665,0.478,0.528,0.059,17.4,0.4,5.5,2.0,7.5,1.0,854,0.1952383000000001,1,0,0
0.061,0.031,0.002,0.125,x,0.0,0.0,9.80665,0.493,0.139,0.084,13.5,3.3,12.0,6.9,5.9,4.4,870,0.1792846600000001,1,0,0
0.1,0.06,0.009,0.684,x,0.0,0.0,9.80665,0.646,0.163,0.048,17.3,17.8,4.3,7.9,7.7,8.2,544,0.3261470000000001,57,0,0
0.053,0.076,0.005,0.616,x,0.0,0.0,9.80665,0.335,0.58,0.187,6.3,19.3,5.6,0.9,0.3,9.8,910,0.3889802400000001,55,0,0
0.089,0.036,0.01,0.539,x,0.0,0.0,9.80665,0.022,0.157,0.066,7.5,14.3,16.4,6.0,5.4,1.1,911,0.19324085000000013,1,0,0
0.058,0.036,0.006,0.702,x,0.0,0.0,9.80665,0.549,0.468,0.493,12.9,16.5,15.9,8.2,8.2,5.0,859,0.3865973600000001,56,0,0
0.027,0.041,0.006,0.516,x,0.0,0.0,9.80665,0.289,0.339,0.624,8.8,13.2,4.0,2.3,1.1,7.1,900,0.18794575000000013,1,0,0
0.043,0.069,0.003,0.423,+,0.0,0.0,9.80665,0.532,0.551,0.099,2.1,12.4,4.2,2.6,8.1,1.9,864,0.1793779000000001,1,0,0
0.088,0.025,0.003,0.689,+,0.0,0.0,9.80665,0.001,0.063,0.337,10.8,15.2,3.9,3.8,7.0,2.0,892,0.20235190000000014,1,0,0
0.07,0.018,0.009,0.791,+,0.0,0.0,9.80665,0.49,0.042,0.596,14.2,18.1,7.6,6.0,6.2,0.2,870,0.39545530000000007,58,0,0
0.086,0.072,0.004,0.311,x,0.0,0.0,9.80665,0.178,0.332,0.311,1.6,2.1,7.7,4.3,7.4,6.8,771,0.0,0,0,0
0.069,0.015,0.006,0.594,x,0.0,0.0,9.80665,0.471,0.486,0.16,12.9,9.6,10.3,9.6,1.6,1.6,521,0.10068330000000014,1,0,0
0.024,0.054,0.002,0.157,+,0.0,0.0,9.80665,0.563,0.611,0.646,12.9,7.8,9.1,6.7,8.1,1.4,385,0.09410426000000016,1,0,0
0.053,0.035,0.008,0.38,+,0.0,0.0,9.80665,0.141,0.441,0.455,12.7,5.2,5.4,3.9,9.5,0.4,859,0.1787662000000002,1,0,0
0.015,0.027,0.008,0.827,+,0.0,0.0,9.80665,0.647,0.294,0.64,0.9,17.7,8.4,6.2,5.2,7.6,927,0.21159300000000003,2,0,0
0.057,0.084,0.006,0.565,x,0.0,0.0,9.80665,0.635,0.42,0.459,3.2,9.7,5.8,8.4,1.2,5.5,861,0.18422860000000008,1,0,0
0.051,0.085,0.002,0.625,x,0.0,0.0,9.80665,0.461,0.588,0.112,0.2,4.7,6.6,8.9,8.2,8.6,806,0.1832602000000002,1,0,0
0.051,0.083,0.008,0.163,+,0.0,0.0,9.80665,0.298,0.387,0.082,11.2,2.4,0.9,5.8,9.7,4.5,867,0.18090070000000014,1,0,0
0.095,0.052,0.003,0.466,+,0.0,0.0,9.80665,0.594,0.257,0.456,18.3,9.8,7.0,8.0,3.2,7.6,850,0.37801775000000015,54,0,0
0.065,0.044,0.005,0.275,+,0.0,0.0,9.80665,0.305,0.419,0.296,7.1,13.6,14.4,7.5,6.8,1.5,872,0.18580390000000013,1,0,0
0.098,0.038,0.008,0.058,+,0.0,0.0,9.80665,0.21523,0.0,0.42741,0.5,11.2,9.2,1.9,0.3,9.7,909,0.18897054000000013,1,0,0
0.052,0.003,0.005,0.454,x,0.0,0.0,9.80665,0.083,0.422,0.303,8.0,3.7,7.0,4.2,2.4,8.7,880,0.18279204000000016,1,0,0
0.056,0.029,0.006,0.784,x,0.0,0.0,9.80665,0.414,0.308,0.43,19.5,0.1,3.6,0.3,1.3,8.4,863,0.3719598000000002,51,0,0
0.019,0.033,0.001,0.375,x,0.0,0.0,9.80665,0.423,0.096,0.636,10.0,17.7,14.3,4.1,8.6,2.0,895,0.3818914000000001,54,0,0
0.092,0.026,0.006,0.147,+,0.0,0.0,9.80665,0.337,0.611,0.567,3.5,6.6,16.3,2.9,6.0,9.0,387,0.07617610000000008,2,0,0
0.056,0.069,0.004,0.6,x,0.0,0.0,9.80665,0.031,0.298,0.623,17.5,5.8,18.7,1.7,5.1,4.0,647,0.3548647500000002,57,0,0
0.014,0.018,0.007,0.041,+,0.0,0.0,9.80665,0.024,0.148,0.06,12.6,17.7,16.3,0.0,8.3,2.5,473,0.10647250000000008,1,0,0
0.011,0.025,0.007,0.852,+,0.0,0.0,9.80665,0.576,0.007,0.152,19.0,17.3,18.4,3.6,3.0,2.9,62,0.25070970000000015,62,0,0
0.072,0.08,0.005,0.092,x,0.0,0.0,9.80665,0.191,0.1,0.366,16.8,19.1,13.5,6.0,5.2,8.4,885,0.35755060000000005,43,0,0
0.044,0.051,0.009,0.287,+,0.0,0.0,9.80665,0.248,0.235,0.59,0.9,13.0,0.0,9.3,5.5,0.8,865,0.17997830000000015,1,0,0
0.024,0.064,0.006,0.025,x,0.0,0.0,9.80665,0.297,0.019,0.229,14.8,11.3,15.8,1.5,8.3,2.2,898,0.19298336000000016,1,0,0
0.076,0.049,0.007,0.525,+,0.0,0.0,9.80665,0.55,0.156,0.318,15.1,5.3,2.3,7.3,3.6,6.2,839,0.6039613200000001,90,0,0
0.041,0.087,0.008,0.365,x,0.0,0.0,9.80665,0.553,0.044,0.234,2.5,13.8,4.7,5.5,5.2,3.7,887,0.18696650000000015,1,0,0
0.076,0.09,0.009,0.036,+,0.0,0.0,9.80665,0.023,0.396,0.281,11.6,17.3,5.8,5.8,7.4,8.8,920,0.39774710000000013,54,0,0
0.079,0.006,0.001,0.144,x,0.0,0.0,9.80665,0.463,0.261,0.602,2.9,14.9,6.3,0.0,9.9,0.5,891,0.18442800000000015,1,0,0
0.073,0.003,0.006,0.625,+,0.0,0.0,9.80665,0.086,0.596,0.309,12.6,7.1,16.0,4.0,8.4,1.7,897,0.1861862000000002,1,0,0
0.057,0.006,0.001,0.725,+,0.0,0.0,9.80665,0.032,0.14,0.204,12.4,8.6,8.4,5.0,1.8,1.2,876,0.18041130000000016,1,0,0
0.038,0.039,0.003,0.374,+,0.0,0.0,9.80665,0.325,0.479,0.455,15.0,7.5,2.9,7.1,6.2,6.2,903,0.19080463000000014,1,0,0
0.075,0.009,0.004,0.484,+,0.0,0.0,9.80665,0.109,0.513,0.371,4.5,5.8,16.9,9.0,0.1,6.6,530,0.10237390000000013,1,0,0
0.079,0.011,0.009,0.063,+,0.0,0.0,9.80665,0.307,0.559,0.037,12.2,16.4,7.4,7.2,2.2,1.2,909,0.3863546000000001,54,0,0
0.037,0.03,0.0,0.662,x,0.0,0.0,9.80665,0.557,0.457,0.182,12.6,5.7,12.7,0.2,0.4,8.1,845,0.17717620000000012,1,0,0
0.031,0.08,0.008,0.394,x,0.0,0.0,9.80665,0.236,0.076,0.454,7.7,5.5,16.3,4.7,9.9,7.9,135,0.2546457300000001,58,0,0
0.011,0.047,0.006,0.231,+,0.0,0.0,9.80665,0.433,0.583,0.069,13.8,18.2,6.6,0.8,9.9,8.9,917,0.39879790000000015,57,0,0
0.03,0.043,0.004,0.485,+,0.0,0.0,9.80665,0.337,0.557,0.196,5.9,10.0,17.3,1.7,6.5,0.0,885,0.18531236000000018,1,0,0
0.092,0.007,0.0,0.043,+,0.0,0.0,9.80665,0.384,0.057,0.366,13.5,9.0,12.2,2.5,9.4,9.8,810,0.1881759500000001,1,0,0
0.031,0.033,0.002,0.023,+,0.0,0.0,9.80665,0.12,0.361,0.344,4.7,8.3,4.0,5.2,5.6,7.8,800,0.18285790000000013,1,0,0
0.048,0.089,0.009,0.791,+,0.0,0.0,9.80665,0.576,0.472,0.306,8.1,5.6,5.8,7.8,3.2,3.4,823,0.1831266600000001,1,0,0
0.043,0.033,0.007,0.492,x,0.0,0.0,9.80665,0.357,0.021,0.081,14.3,16.0,18.4,9.7,6.2,9.3,823,0.38673650000000015,58,0,0
0.011,0.064,0.007,0.842,+,0.0,0.0,9.80665,0.21523,0.0,0.42741,18.1,7.9,18.0,3.2,0.7,2.4,755,0.3471681000000001,54,0,0
0.097,0.089,0.009,0.724,+,0.0,0.0,9.80665,0.293,0.552,0.551,0.8,7.6,10.0,9.8,2.5,7.3,62,0.41525003000000016,96,0,0
0.033,0.007,0.009,0.485,x,0.0,0.0,9.80665,0.402,0.267,0.156,8.3,9.2,13.0,5.9,0.9,0.8,886,0.18517795000000015,1,0,0
0.022,0.045,0.009,0.733,+,0.0,0.0,9.80665,0.634,0.563,0.06,17.5,14.0,5.7,8.3,4.2,5.4,875,0.40231475000000017,58,0,0
0.012,0.063,0.006,0.716,x,0.0,0.0,9.80665,0.151,0.528,0.468,1.7,9.2,5.7,8.0,6.3,9.6,883,0.18322596000000013,1,0,0
0.045,0.039,0.007,0.732,x,0.0,0.0,9.80665,0.359,0.279,0.097,18.2,15.0,14.0,6.2,3.1,4.4,877,0.3977662000000002,58,0,0
0.021,0.039,0.002,0.622,+,0.0,0.0,9.80665,0.15,0.411,0.217,18.6,0.1,18.0,9.9,4.9,0.3,856,0.3772097500000001,54,0,0
0.031,0.049,0.007,0.606,x,0.0,0.0,9.80665,0.52,0.423,0.021,16.0,6.0,8.4,9.7,8.9,7.9,484,0.48160323000000016,96,0,0
0.095,0.08,0.009,0.071,x,0.0,0.0,9.80665,0.491,0.46,0.055,15.8,3.8,0.9,6.3,2.1,4.0,859,0.18618366000000008,1,0,0
0.029,0.003,0.003,0.591,+,0.0,0.0,9.80665,0.168,0.14,0.194,5.7,3.9,18.4,4.3,2.2,3.8,554,0.10830580000000012,2,0,0
0.062,0.084,0.007,0.51,x,0.0,0.0,9.80665,0.145,0.502,0.032,10.4,17.4,12.8,6.4,7.5,8.6,861,0.3353716400000001,41,0,0
0.085,0.039,0.007,0.786,x,0.0,0.0,9.80665,0.006,0.369,0.595,9.5,12.3,6.9,6.6,8.1,3.8,881,0.18246000000000007,1,0,0
0.095,0.075,0.01,0.244,+,0.0,0.0,9.80665,0.114,0.633,0.217,19.9,15.0,18.5,6.7,4.1,3.3,62,0.2503641500000001,62,0,0
0.041,0.012,0.005,0.838,+,0.0,0.0,9.80665,0.217,0.017,0.535,16.2,11.8,7.0,0.0,7.8,5.0,875,0.24099300000000012,14,0,0
0.09,0.023,0.01,0.513,x,0.0,0.0,9.80665,0.21523,0.0,0.42741,13.2,14.8,10.9,4.6,9.3,8.1,642,0.12851930000000011,1,0,0
0.075,0.057,0.007,0.703,+,0.0,0.0,9.80665,0.329,0.54,0.36,3.9,10.8,5.7,6.9,5.1,2.0,885,0.18719540000000012,1,0,0
0.066,0.004,0.006,0.251,+,0.0,0.0,9.80665,0.06,0.483,0.547,14.6,17.9,14.4,7.1,1.3,5.7,879,0.2284322700000001,6,0,0
0.033,0.059,0.003,0.889,+,0.0,0.0,9.80665,0.262,0.179,0.255,8.3,15.0,19.2,6.8,5.3,2.4,797,0.3880977000000002,63,0,0
0.064,0.018,0.008,0.65,+,0.0,0.0,9.80665,0.502,0.013,0.536,7.8,5.0,8.0,5.5,5.6,6.5,869,0.18236590000000008,1,0,0
0.063,0.078,0.006,0.591,x,0.0,0.0,9.80665,0.511,0.305,0.4,2.5,16.8,16.0,4.5,0.8,3.8,734,0.17103930000000023,1,0,0
0.072,0.084,0.009,0.568,+,0.0,0.0,9.80665,0.36,0.307,0.175,11.6,9.4,12.8,7.6,5.2,7.2,868,0.20983300000000016,1,0,0
0.062,0.018,0.005,0.188,+,0.0,0.0,9.80665,0.526,0.286,0.435,11.7,1.5,12.2,3.6,2.3,2.6,339,0.06319740000000007,1,0,0
0.091,0.02,0.002,0.394,x,0.0,0.0,9.80665,0.18,0.107,0.521,15.0,1.3,11.3,8.1,1.3,6.5,852,0.1771948000000001,1,0,0
0.049,0.017,0.002,0.88,+,0.0,0.0,9.80665,0.452,0.629,0.183,16.5,3.5,9.9,5.2,5.4,4.9,881,0.1876527400000001,1,0,0
0.051,0.054,0.003,0.3,x,0.0,0.0,9.80665,0.341,0.192,0.266,1.6,11.8,11.6,3.8,2.6,3.3,881,0.18611774000000014,1,0,0
0.083,0.018,0.01,0.076,+,0.0,0.0,9.80665,0.068,0.638,0.507,9.2,19.5,11.9,9.0,7.6,0.9,893,0.3846436400000002,55,0,0
0.089,0.011,0.002,0.528,+,0.0,0.0,9.80665,0.086,0.278,0.362,8.4,5.3,12.6,3.4,9.5,6.8,897,0.1862279000000001,1,0,0
0.068,0.038,0.008,0.432,x,0.0,0.0,9.80665,0.211,0.47,0.077,8.6,17.4,4.9,0.1,5.9,1.9,585,0.3086752600000001,48,0,0
0.058,0.087,0.006,0.063,+,0.0,0.0,9.80665,0.122,0.284,0.044,7.4,3.4,6.3,1.0,6.0,6.5,865,0.18035670000000015,1,0,0
0.062,0.012,0.004,0.467,+,0.0,0.0,9.80665,0.629,0.181,0.553,1.2,1.8,11.5,0.8,9.9,7.8,863,0.17960160000000003,1,0,0
0.049,0.037,0.005,0.571,x,0.0,0.0,9.80665,0.21523,0.0,0.42741,17.8,13.7,3.6,2.8,4.7,3.5,865,0.4013160000000001,60,0,0
0.017,0.057,0.008,0.091,x,0.0,0.0,9.80665,0.565,0.216,0.364,19.3,0.7,19.9,8.6,7.4,5.2,850,0.37465826000000013,54,0,0
0.033,0.063,0.003,0.421,+,0.0,0.0,9.80665,0.275,0.08,0.014,11.6,13.0,0.6,8.0,4.8,6.1,891,0.18723443000000017,1,0,0
0.064,0.062,0.005,0.513,x,0.0,0.0,9.80665,0.187,0.049,0.4,6.1,14.7,4.3,4.0,5.4,5.2,700,0.052453850000000135,1,0,0
0.058,0.057,0.006,0.551,+,0.0,0.0,9.80665,0.574,0.629,0.361,3.0,13.3,6.2,1.3,4.7,0.2,912,0.18972436000000015,1,0,0
0.094,0.049,0.006,0.718,x,0.0,0.0,9.80665,0.163,0.544,0.315,8.6,1.9,17.2,4.9,0.4,7.6,885,0.18198270000000016,1,0,0
0.038,0.076,0.01,0.881,x,0.0,0.0,9.80665,0.299,0.248,0.622,3.6,5.8,0.4,0.3,6.3,7.0,869,0.1816554400000001,1,0,0
0.018,0.004,0.003,0.061,x,0.0,0.0,9.80665,0.317,0.062,0.014,13.2,3.4,15.8,6.1,2.3,9.1,773,0.1763452000000002,1,0,0
0.033,0.06,0.006,0.707,x,0.0,0.0,9.80665,0.341,0.499,0.213,16.2,9.7,3.7,8.6,0.3,1.5,845,0.18228660000000008,1,0,0
0.019,0.019,0.003,0.833,+,0.0,0.0,9.80665,0.245,0.294,0.041,11.0,6.5,7.3,7.1,1.8,6.8,883,0.1856170600000001,1,0,0
0.053,0.048,0.004,0.804,x,0.0,0.0,9.80665,0.613,0.034,0.588,1.5,3.6,8.9,7.4,2.9,7.9,885,0.18323156000000007,1,0,0
0.085,0.013,0.004,0.63,x,0.0,0.0,9.80665,0.467,0.344,0.642,12.0,18.1,13.7,3.9,6.4,7.3,878,0.39628580000000013,59,0,0
0.062,0.033,0.007,0.222,+,0.0,0.0,9.80665,0.564,0.594,0.269,15.0,18.8,6.6,9.3,7.2,8.0,868,0.39555490000000015,48,0,0
0.018,0.04,0.007,0.75,x,0.0,0.0,9.80665,0.21523,0.0,0.42741,14.1,19.6,3.1,5.1,8.1,4.8,878,0.4030981000000001,59,0,0
0.058,0.089,0.004,0.357,x,0.0,0.0,9.80665,0.21523,0.0,0.42741,0.2,15.6,6.8,4.8,5.0,7.7,873,0.18431490000000017,1,0,0
0.071,0.023,0.003,0.278,x,0.0,0.0,9.80665,0.53,0.199,0.175,10.6,5.5,0.6,7.4,3.4,6.3,887,0.1852170000000002,1,0,0
0.062,0.034,0.008,0.31,x,0.0,0.0,9.80665,0.03,0.28,0.175,4.4,12.6,12.0,5.1,0.7,6.3,897,0.1869136400000001,1,0,0
0.019,0.031,0.005,0.706,x,0.0,0.0,9.80665,0.242,0.135,0.417,2.3,17.9,16.9,9.9,1.2,2.3,920,0.2325929000000001,9,0,0
0.014,0.073,0.003,0.843,x,0.0,0.0,9.80665,0.093,0.318,0.113,11.1,8.8,8.2,0.9,2.8,9.2,863,0.17635259999999997,1,0,0
0.06,0.026,0.009,0.052,+,0.0,0.0,9.80665,0.349,0.18,0.49,18.7,7.1,18.5,4.9,8.7,1.7,858,0.38551230000000014,56,0,0
0.017,0.084,0.004,0.767,+,0.0,0.0,9.80665,0.253,0.649,0.128,14.6,1.4,4.7,8.1,2.4,4.3,887,0.1852022000000001,1,0,0
0.058,0.072,0.003,0.196,+,0.0,0.0,9.80665,0.097,0.599,0.097,19.8,12.3,15.8,1.1,6.2,5.4,880,0.4083749400000001,61,0,0
0.044,0.088,0.003,0.5,x,0.0,0.0,9.80665,0.602,0.192,0.559,16.1,6.7,12.0,2.1,4.4,0.0,869,0.2489700600000001,15,0,0
0.063,0.01,0.004,0.837,x,0.0,0.0,9.80665,0.633,0.23,0.603,15.6,3.5,1.3,0.7,8.8,8.2,861,0.1836061000000001,1,0,0
0.088,0.049,0.005,0.247,+,0.0,0.0,9.80665,0.136,0.309,0.536,18.4,15.0,12.4,8.5,6.8,8.5,855,0.3999106600000001,60,0,0
0.035,0.08,0.005,0.091,x,0.0,0.0,9.80665,0.012,0.116,0.449,4.5,3.3,18.7,7.5,3.2,6.7,861,0.1857814000000002,1,0,0
0.086,0.078,0.008,0.226,x,0.0,0.0,9.80665,0.149,0.426,0.622,5.5,18.5,10.9,9.8,3.3,7.0,887,0.38185367000000014,53,0,0
0.066,0.036,0.008,0.207,x,0.0,0.0,9.80665,0.065,0.318,0.329,15.2,12.4,17.9,4.5,0.2,7.9,683,0.21075460000000001,16,0,0
0.044,0.049,0.009,0.078,x,0.0,0.0,9.80665,0.648,0.019,0.264,17.8,6.7,11.1,2.4,2.1,6.4,864,0.2856141000000001,25,0,0
0.013,0.064,0.002,0.242,+,0.0,0.0,9.80665,0.217,0.24,0.039,12.4,15.9,3.9,1.5,4.7,6.6,872,0.19476846000000014,1,0,0
0.47,0.241,0.035,0.415,+,0.0,0.0,9.80665,0.05,0.602,0.571,4.1,15.5,8.5,6.8,1.5,0.8,963,0.19898800000000016,1,0,0
0.819,0.207,0.047,0.721,x,0.0,0.0,9.80665,0.386,0.369,0.051,14.6,18.7,5.0,7.9,0.1,1.9,802,0.38655576000000014,59,0,0
0.753,0.29,0.083,0.63,x,0.0,0.0,9.80665,0.054,0.369,0.313,13.1,0.6,3.6,6.1,6.2,9.8,819,0.40578356000000015,62,0,0
0.999,0.136,0.034,0.472,+,0.0,0.0,9.80665,0.004,0.496,0.272,8.1,14.4,10.5,2.6,3.0,0.9,875,0.1817035400000001,1,0,0
0.206,0.092,0.075,0.954,x,0.0,0.0,9.80665,0.549,0.493,0.548,19.6,12.7,8.8,7.0,8.8,8.5,826,0.39297400000000016,59,0,0
0.701,0.182,0.033,0.344,+,0.0,0.0,9.80665,0.158,0.292,0.107,11.7,18.6,12.3,5.2,0.0,9.7,678,0.36190980000000017,57,0,0
0.177,0.233,0.053,0.058,x,0.0,0.0,9.80665,0.097,0.499,0.203,15.2,16.7,13.1,2.3,7.7,7.2,776,0.3964917400000001,62,0,0
0.995,0.289,0.029,0.654,x,0.0,0.0,9.80665,0.135,0.543,0.35,5.8,14.2,2.3,8.0,4.6,1.0,833,0.19037154000000012,1,0,0
0.068,0.025,0.015,0.222,+,0.0,0.0,9.80665,0.21523,0.0,0.42741,13.0,10.6,18.5,1.1,7.1,5.0,818,0.18609735000000016,1,0,0
0.889,0.124,0.074,0.662,+,0.0,0.0,9.80665,0.161,0.041,0.52,3.1,10.7,15.9,1.2,6.0,2.0,805,0.1830634000000001,1,0,0
0.403,0.006,0.033,0.424,+,0.0,0.0,9.80665,0.146,0.087,0.605,4.7,10.0,14.0,1.9,8.7,6.4,713,0.1358804,1,0,0
0.311,0.378,0.02,0.972,+,0.0,0.0,9.80665,0.032,0.183,0.51,13.4,4.7,8.2,6.9,3.8,3.4,720,0.3718314500000002,65,0,0
0.276,0.333,0.039,0.046,+,0.0,0.0,9.80665,0.21523,0.0,0.42741,5.6,6.1,17.2,9.9,9.3,5.3,827,0.1944585000000001,2,0,0
0.288,0.236,0.01,0.734,+,0.0,0.0,9.80665,0.336,0.311,0.243,0.1,14.2,14.2,9.7,4.9,2.7,741,0.15389050000000015,4,0,0
0.026,0.043,0.034,0.054,x,0.0,0.0,9.80665,0.141,0.305,0.291,18.9,4.0,9.4,3.7,2.4,4.2,873,0.36893746000000016,50,0,0
0.32,0.038,0.096,0.015,+,0.0,0.0,9.80665,0.198,0.309,0.288,17.7,9.5,18.6,6.5,0.9,5.5,703,0.24198570000000008,23,0,0
0.329,0.081,0.052,0.817,x,0.0,0.0,9.80665,0.045,0.284,0.246,11.3,12.2,10.1,1.6,5.1,5.2,858,0.18312930000000016,1,0,0
0.894,0.321,0.064,0.231,+,0.0,0.0,9.80665,0.43,0.263,0.432,0.3,9.0,9.2,5.1,8.2,2.6,842,0.20537850000000013,8,0,0
0.854,0.393,0.001,0.66,+,0.0,0.0,9.80665,0.464,0.016,0.539,15.8,7.3,15.9,7.1,3.5,2.5,849,0.4257968400000002,81,0,0
0.21,0.05,0.081,0.621,x,0.0,0.0,9.80665,0.051,0.183,0.176,5.4,15.5,18.2,2.3,7.4,9.7,886,0.18409340000000018,1,0,0
0.86,0.269,0.025,0.69,+,0.0,0.0,9.80665,0.289,0.552,0.159,5.4,17.6,3.1,6.1,1.5,2.0,916,0.3759808000000001,48,0,0
0.744,0.1,0.069,0.221,x,0.0,0.0,9.80665,0.377,0.614,0.211,8.3,6.0,10.3,2.8,2.1,0.1,893,0.40269450000000007,57,0,0
0.834,0.049,0.039,0.113,x,0.0,0.0,9.80665,0.095,0.167,0.601,14.9,14.8,18.9,2.2,1.9,7.0,772,0.3610675000000001,54,0,0
0.116,0.075,0.073,0.622,+,0.0,0.0,9.80665,0.326,0.075,0.393,4.9,10.1,17.3,1.1,0.7,5.4,887,0.18413410000000008,1,0,0
0.747,0.122,0.039,0.725,+,0.0,0.0,9.80665,0.138,0.616,0.527,11.9,5.7,9.7,3.9,6.8,3.4,871,0.1828584000000001,1,0,0
0.07,0.194,0.012,0.657,+,0.0,0.0,9.80665,0.299,0.016,0.305,6.7,2.4,4.8,4.5,9.9,8.0,794,0.3990250500000001,60,0,0
0.715,0.014,0.052,0.726,x,0.0,0.0,9.80665,0.584,0.519,0.011,3.3,9.3,0.7,3.5,2.6,9.5,889,0.1886935500000001,1,0,0
0.668,0.256,0.065,0.317,x,0.0,0.0,9.80665,0.186,0.341,0.615,13.3,0.4,18.7,6.3,9.5,0.5,598,0.29786840000000014,46,0,0
0.394,0.02,0.031,0.311,x,0.0,0.0,9.80665,0.199,0.57,0.31,15.2,3.9,17.7,5.6,6.8,7.8,818,0.18260130000000008,1,0,0
0.718,0.227,0.012,0.192,+,0.0,0.0,9.80665,0.392,0.486,0.241,5.9,4.3,18.1,7.9,8.6,6.9,835,0.17532910000000013,2,0,0
0.922,0.034,0.096,0.905,+,0.0,0.0,9.80665,0.458,0.387,0.018,0.5,6.2,10.7,1.5,2.8,8.0,883,0.18479650000000003,2,0,0
0.772,0.287,0.019,0.291,x,0.0,0.0,9.80665,0.21523,0.0,0.42741,1.2,17.6,1.3,9.5,3.1,0.3,657,0.1375970000000002,4,0,0
0.622,0.137,0.048,0.503,x,0.0,0.0,9.80665,0.421,0.42,0.289,4.6,11.4,3.1,6.3,4.5,9.1,868,0.18140920000000016,1,0,0
0.814,0.139,0.004,0.385,x,0.0,0.0,9.80665,0.622,0.374,0.104,17.2,17.5,13.9,9.8,8.4,1.7,838,0.4028609700000001,61,0,0
0.15,0.131,0.028,0.688,+,0.0,0.0,9.80665,0.013,0.351,0.504,11.0,17.5,9.6,5.6,6.9,0.6,840,0.3415532000000001,43,0,0
0.524,0.399,0.066,0.945,+,0.0,0.0,9.80665,0.287,0.22,0.251,17.9,16.8,0.7,7.1,9.7,6.6,966,0.5704175800000002,119,0,0
0.819,0.053,0.064,0.558,+,0.0,0.0,9.80665,0.224,0.395,0.583,16.1,7.5,19.9,5.2,4.5,0.5,769,0.16118090000000018,1,0,0
0.027,0.291,0.034,0.412,+,0.0,0.0,9.80665,0.428,0.066,0.276,9.7,0.4,0.2,6.7,3.2,5.3,837,0.2053269000000002,6,0,0
0.502,0.363,0.06,0.823,x,0.0,0.0,9.80665,0.163,0.004,0.421,16.5,6.3,0.6,4.9,8.0,5.4,859,0.38507190000000013,57,0,0
0.542,0.044,0.071,0.654,+,0.0,0.0,9.80665,0.647,0.466,0.021,2.3,5.0,1.3,6.6,5.6,1.2,847,0.1780514000000002,1,0,0
0.987,0.06,0.095,0.784,x,0.0,0.0,9.80665,0.442,0.503,0.363,10.9,10.6,4.6,2.8,3.6,5.3,907,0.1889757000000002,1,0,0
0.898,0.046,0.017,0.131,x,0.0,0.0,9.80665,0.113,0.15,0.269,6.1,8.7,7.2,1.1,3.3,7.4,898,0.1906928000000001,1,0,0
0.176,0.01,0.015,0.733,+,0.0,0.0,9.80665,0.419,0.629,0.614,0.4,16.5,16.9,5.7,3.3,1.1,901,0.1911657000000001,1,0,0
0.598,0.181,0.084,0.059,x,0.0,0.0,9.80665,0.146,0.163,0.625,7.5,5.7,2.1,6.1,3.1,2.7,872,0.18227400000000016,1,0,0
0.08,0.198,0.018,0.95,x,0.0,0.0,9.80665,0.585,0.03,0.551,13.9,13.9,2.5,4.7,7.4,5.0,906,0.21263770000000015,2,0,0
0.801,0.11,0.099,0.963,x,0.0,0.0,9.80665,0.56,0.079,0.453,14.6,4.7,3.8,5.3,0.8,7.6,888,0.18908456000000007,1,0,0
0.172,0.072,0.061,0.972,x,0.0,0.0,9.80665,0.405,0.032,0.421,12.6,3.2,15.5,4.6,8.0,8.8,870,0.17674485000000018,1,0,0
0.762,0.076,0.031,0.328,+,0.0,0.0,9.80665,0.119,0.177,0.351,13.9,13.6,19.4,4.9,5.2,6.8,646,0.3390160000000001,57,0,0
0.9,0.092,0.085,0.3,+,0.0,0.0,9.80665,0.21523,0.0,0.42741,18.0,5.7,10.7,8.8,6.1,5.5,848,0.24415490000000017,16,0,0
0.394,0.125,0.043,0.494,+,0.0,0.0,9.80665,0.324,0.563,0.063,10.4,7.6,3.9,0.3,6.5,0.9,866,0.1811456400000001,1,0,0
0.279,0.141,0.038,0.721,x,0.0,0.0,9.80665,0.468,0.376,0.087,16.6,18.3,18.0,7.7,5.6,8.0,574,0.35041540000000004,61,0,0
0.568,0.249,0.03,0.39,x,0.0,0.0,9.80665,0.305,0.148,0.555,12.5,15.8,8.6,1.6,2.5,2.2,798,0.5862732800000001,99,0,0
0.534,0.002,0.024,0.758,+,0.0,0.0,9.80665,0.418,0.336,0.007,13.3,7.7,0.3,1.5,5.4,3.4,894,0.18897530000000007,1,0,0
0.178,0.06,0.044,0.958,x,0.0,0.0,9.80665,0.51,0.391,0.358,4.9,19.5,16.9,6.0,8.6,9.1,852,0.37430015000000016,54,0,0
0.85,0.081,0.091,0.211,+,0.0,0.0,9.80665,0.634,0.044,0.523,6.1,1.3,15.6,2.1,4.7,9.1,865,0.1798105000000001,2,0,0
0.807,0.287,0.065,0.76,x,0.0,0.0,9.80665,0.063,0.638,0.318,11.6,14.5,2.1,2.9,0.0,7.7,832,0.1962379500000001,7,0,0
0.142,0.19,0.091,0.898,x,0.0,0.0,9.80665,0.21523,0.0,0.42741,0.8,10.3,12.3,2.9,8.0,8.7,835,0.1734707000000003,1,0,0
0.445,0.13,0.046,0.972,+,0.0,0.0,9.80665,0.338,0.558,0.126,5.6,11.9,15.0,2.7,1.6,3.4,810,0.1848350500000001,1,0,0
0.722,0.286,0.036,0.557,x,0.0,0.0,9.80665,0.21523,0.0,0.42741,16.7,2.4,1.8,3.6,4.9,7.3,807,0.2016509500000001,1,0,0
0.173,0.149,0.058,0.271,+,0.0,0.0,9.80665,0.521,0.571,0.376,18.5,4.6,17.8,9.6,3.6,5.9,62,0.24675060000000004,60,0,0
0.797,0.106,0.002,0.428,x,0.0,0.0,9.80665,0.357,0.368,0.242,18.5,14.4,1.6,4.5,0.5,9.8,865,0.4054593000000001,63,0,0
0.938,0.23,0.002,0.899,+,0.0,0.0,9.80665,0.472,0.408,0.544,10.5,16.3,8.0,7.9,9.6,6.8,817,0.19261660000000003,2,0,0
0.15,0.25,0.076,0.837,x,0.0,0.0,9.80665,0.571,0.221,0.082,8.0,11.2,9.1,5.5,1.4,0.8,778,0.17463943000000015,7,0,0
0.177,0.241,0.08,0.05,+,0.0,0.0,9.80665,0.273,0.204,0.138,15.7,9.8,7.3,3.2,8.9,2.4,842,0.20177576000000008,1,0,0
0.974,0.047,0.081,0.35,x,0.0,0.0,9.80665,0.555,0.182,0.169,4.0,18.0,11.8,2.6,7.1,1.9,878,0.2000119400000001,1,0,0
0.93,0.124,0.083,0.216,x,0.0,0.0,9.80665,0.171,0.348,0.099,18.1,13.2,18.0,9.6,9.7,9.5,658,0.35975100000000004,60,0,0
0.677,0.099,0.098,0.01,+,0.0,0.0,9.80665,0.518,0.566,0.158,13.7,15.8,10.1,6.8,0.3,6.1,843,0.3788401000000001,55,0,0
0.523,0.03,0.068,0.89,x,0.0,0.0,9.80665,0.03,0.473,0.486,3.7,13.1,12.5,3.5,4.4,5.8,880,0.1799474700000001,1,0,0
0.529,0.149,0.084,0.877,+,0.0,0.0,9.80665,0.21523,0.0,0.42741,10.3,8.7,4.8,6.4,9.2,2.8,859,0.18295590000000017,2,0,0
0.84,0.085,0.042,0.873,x,0.0,0.0,9.80665,0.097,0.352,0.626,16.7,1.6,11.0,1.7,0.9,6.0,848,0.19330844000000014,2,0,0
0.81,0.325,0.045,0.48,x,0.0,0.0,9.80665,0.571,0.413,0.561,6.1,19.8,18.0,9.6,0.6,8.9,444,0.3934473700000001,76,0,0
0.793,0.1,0.068,0.243,+,0.0,0.0,9.80665,0.061,0.281,0.633,7.5,16.2,13.9,3.6,4.1,4.3,920,0.20337490000000014,1,0,0
0.819,0.046,0.026,0.711,+,0.0,0.0,9.80665,0.524,0.478,0.52,10.3,9.8,16.7,1.5,6.4,1.2,820,0.17091534000000008,1,0,0
0.046,0.223,0.057,0.256,x,0.0,0.0,9.80665,0.209,0.381,0.18,11.0,13.5,1.7,2.0,1.6,5.0,871,0.1874737000000002,1,0,0
0.109,0.153,0.04,0.193,+,0.0,0.0,9.80665,0.339,0.436,0.505,19.6,3.4,16.3,6.4,1.1,8.9,675,0.37597950000000013,61,0,0
0.35,0.092,0.02,0.053,+,0.0,0.0,9.80665,0.21523,0.0,0.42741,0.0,5.1,4.5,5.0,1.1,4.6,819,0.1854926600000001,1,0,0
0.326,0.074,0.04,0.53,+,0.0,0.0,9.80665,0.511,0.456,0.033,16.5,11.6,12.7,4.8,9.0,2.7,871,0.3959243000000001,59,0,0
0.028,0.084,0.064,0.35,x,0.0,0.0,9.80665,0.272,0.201,0.396,16.8,3.4,3.4,1.2,1.4,9.8,850,0.1828778700000001,1,0,0
0.131,0.306,0.003,0.136,x,0.0,0.0,9.80665,0.408,0.154,0.421,15.8,12.5,6.8,9.1,5.5,1.2,851,0.21865800000000013,8,0,0
0.695,0.23,0.077,0.578,x,0.0,0.0,9.80665,0.588,0.106,0.177,18.1,8.0,19.4,9.5,5.4,3.9,521,0.0072349600000001235,1,0,0
0.113,0.022,0.094,0.731,x,0.0,0.0,9.80665,0.585,0.478,0.545,4.5,4.4,11.1,0.1,6.0,4.9,891,0.1860731000000001,1,0,0
0.65,0.3,0.042,0.965,x,0.0,0.0,9.80665,0.399,0.617,0.569,18.4,17.1,15.7,4.3,3.3,6.2,624,0.3750171400000001,63,0,0
0.334,0.28,0.088,0.457,+,0.0,0.0,9.80665,0.169,0.446,0.07,11.8,5.0,1.3,2.7,2.4,9.2,826,0.18114176000000015,2,0,0
0.524,0.038,0.061,0.159,+,0.0,0.0,9.80665,0.426,0.193,0.456,15.0,10.8,15.1,7.6,1.1,9.0,678,0.36099990000000015,58,0,0
0.099,0.036,0.09,0.427,+,0.0,0.0,9.80665,0.02,0.462,0.602,2.4,19.2,8.1,5.8,0.8,2.6,875,0.20116416000000015,1,0,0
0.657,0.148,0.018,0.425,x,0.0,0.0,9.80665,0.416,0.037,0.187,5.5,2.7,11.1,2.8,9.1,7.0,842,0.17690787000000008,1,0,0
0.62,0.32,0.084,0.882,x,0.0,0.0,9.80665,0.204,0.589,0.122,0.2,7.5,19.0,8.6,1.3,6.8,620,0.15840920000000014,12,0,0
0.561,0.068,0.009,0.835,+,0.0,0.0,9.80665,0.461,0.076,0.237,5.8,10.9,19.4,3.4,6.9,2.6,891,0.18512073000000007,1,0,0
0.025,0.162,0.078,0.874,x,0.0,0.0,9.80665,0.21523,0.0,0.42741,19.7,1.6,14.0,9.0,2.9,0.7,851,0.2959923000000001,30,0,0
0.53,0.089,0.088,0.882,x,0.0,0.0,9.80665,0.616,0.079,0.103,1.3,1.0,15.9,5.3,1.7,3.7,865,0.18091160000000006,1,0,0
